Ticker symbol,Security,GICS Sector,GICS Sub Industry,Location,Date first added[3][4],CIK,Founded
A,Agilent Technologies Inc,Health Care,Health Care Equipment,"Santa Clara, California",6/5/00,1090872,1999
AAL,American Airlines Group,Industrials,Airlines,"Fort Worth, Texas",3/23/15,6201,1934
AAP,Advance Auto Parts,Consumer Discretionary,Automotive Retail,"Roanoke, Virginia",7/9/15,1158449,1932
AAPL,Apple Inc.,Information Technology,"Technology Hardware, Storage & Peripherals","Cupertino, California",11/30/82,320193,1977
ABBV,AbbVie Inc.,Health Care,Pharmaceuticals,"North Chicago, Illinois",12/31/12,1551152,2013 (1888)
ABC,AmerisourceBergen Corp,Health Care,Health Care Distributors,"Chesterbrook, Pennsylvania",8/30/01,1140859,1985
ABMD,ABIOMED Inc,Health Care,Health Care Equipment,"Danvers, Massachusetts",5/31/18,815094,1981
ABT,Abbott Laboratories,Health Care,Health Care Equipment,"North Chicago, Illinois",3/31/64,1800,1888
ACN,Accenture plc,Information Technology,IT Consulting & Other Services,"Dublin, Ireland",7/6/11,1467373,1989
ADBE,Adobe Systems Inc,Information Technology,Application Software,"San Jose, California",5/5/97,796343,1982
ADI,"Analog Devices, Inc.",Information Technology,Semiconductors,"Norwood, Massachusetts",10/12/99,6281,1965
ADM,Archer-Daniels-Midland Co,Consumer Staples,Agricultural Products,"Decatur, Illinois",7/29/81,7084,1902
ADP,Automatic Data Processing,Information Technology,Internet Software & Services,"Roseland, New Jersey",3/31/81,8670,
ADS,Alliance Data Systems,Information Technology,Data Processing & Outsourced Services,"Plano, Texas",12/23/13,1101215,1996
ADSK,Autodesk Inc.,Information Technology,Application Software,"San Rafael, California",12/1/89,769397,
AEE,Ameren Corp,Utilities,Multi-Utilities,"St. Louis, Missouri",9/19/91,1002910,1902
AEP,American Electric Power,Utilities,Electric Utilities,"Columbus, Ohio",,4904,1906
AES,AES Corp,Utilities,Independent Power Producers & Energy Traders,"Arlington, Virginia",10/2/98,874761,1981
AET,Aetna Inc,Health Care,Managed Health Care,"Hartford, Connecticut",6/30/76,1122304,1810
AFL,AFLAC Inc,Financials,Life & Health Insurance,"Columbus, Georgia",5/28/99,4977,1955
AGN,"Allergan, Plc",Health Care,Pharmaceuticals,"Dublin, Ireland",4/12/99,1578845,1983
AIG,"American International Group, Inc.",Financials,Property & Casualty Insurance,"New York, New York",3/31/80,5272,1919
AIV,Apartment Investment & Management (Aimco),Real Estate,Residential REITs,"Denver, Colorado",3/14/03,922864,1994 (1975)
AIZ,Assurant Inc.,Financials,Multi-line Insurance,"New York, New York",4/10/07,1267238,
AJG,Arthur J. Gallagher & Co.,Financials,Insurance Brokers,"Itasca, Illinois",5/31/16,354190,
AKAM,Akamai Technologies Inc,Information Technology,Internet Software & Services,"Cambridge, Massachusetts",7/12/07,1086222,1998
ALB,Albemarle Corp,Materials,Specialty Chemicals,"Baton Rouge, Louisiana",7/1/16,915913,1994
ALGN,Align Technology,Health Care,Health Care Supplies,"San Jose, California",6/19/17,1097149,1997
ALK,Alaska Air Group Inc,Industrials,Airlines,"Seattle, Washington",5/13/16,766421,1985
ALL,Allstate Corp,Financials,Property & Casualty Insurance,"Northfield Township, Illinois",7/13/95,899051,1931
ALLE,Allegion,Industrials,Building Products,"Dublin, Ireland",12/2/13,1579241,1908
ALXN,Alexion Pharmaceuticals,Health Care,Biotechnology,"Cheshire, Connecticut",5/25/12,899866,1992
AMAT,Applied Materials Inc.,Information Technology,Semiconductor Equipment,"Santa Clara, California",3/16/95,6951,1967
AMD,Advanced Micro Devices Inc,Information Technology,Semiconductors,"Sunnyvale, California",3/20/17,2488,1969
AME,AMETEK Inc.,Industrials,Electrical Components & Equipment,"Berwyn, Pennsylvania",9/23/13,1037868,1930
AMG,Affiliated Managers Group Inc,Financials,Asset Management & Custody Banks,"Beverly, Massachusetts",7/1/14,1004434,1993
AMGN,Amgen Inc.,Health Care,Biotechnology,"Thousand Oaks, California",1/2/92,318154,1980
AMP,Ameriprise Financial,Financials,Asset Management & Custody Banks,"Minneapolis, Minnesota",10/3/05,820027,1894
AMT,American Tower Corp.,Real Estate,Specialized REITs,"Boston, Massachusetts",11/19/07,1053507,1995
AMZN,Amazon.com Inc.,Consumer Discretionary,Internet & Direct Marketing Retail,"Seattle, Washington",11/18/05,1018724,1994
ANDV,Andeavor,Energy,Oil & Gas Refining & Marketing,"San Antonio, Texas",9/27/07,50104,1968
ANET,Arista Networks,Information Technology,Communications Equipment,"Santa Clara, California",8/28/18,1596532,2004
ANSS,ANSYS,Information Technology,Application Software,"Canonsburg, Pennsylvania",6/19/17,1013462,1969
ANTM,Anthem Inc.,Health Care,Managed Health Care,"Indianapolis, Indiana",7/25/02,1156039,2014 (1940s)
AON,Aon plc,Financials,Insurance Brokers,"London, United Kingdom",4/23/96,315293,1982 (1919)
AOS,A.O. Smith Corp,Industrials,Building Products,"Milwaukee, Wisconsin",7/26/17,91142,1916
APA,Apache Corporation,Energy,Oil & Gas Exploration & Production,"Houston, Texas",7/28/97,6769,1954
APC,Anadarko Petroleum Corp,Energy,Oil & Gas Exploration & Production,"The Woodlands, Texas",7/28/97,773910,1959
APD,Air Products & Chemicals Inc,Materials,Industrial Gases,"Allentown, Pennsylvania",4/30/85,2969,1940
APH,Amphenol Corp,Information Technology,Electronic Components,"Wallingford, Connecticut",9/30/08,820313,1932
APTV,Aptiv Plc,Consumer Discretionary,Auto Parts & Equipment,"Gillingham, Kent, United Kingdom",12/24/12,1521332,1994
ARE,Alexandria Real Estate Equities Inc,Real Estate,Office REITs,"Pasadena, California",3/20/17,1035443,1994
ARNC,Arconic Inc.,Industrials,Aerospace & Defense,"New York, New York",3/31/64,4281,2016
ATVI,Activision Blizzard,Communication Services,Home Entertainment Software,"Santa Monica, California",8/31/15,718877,2008
AVB,"AvalonBay Communities, Inc.",Real Estate,Residential REITs,"Arlington, Virginia[5]",1/10/07,915912,
AVGO,Broadcom,Information Technology,Semiconductors,"San Jose, California",5/8/14,1441634,
AVY,Avery Dennison Corp,Materials,Paper Packaging,"Glendale, California",12/31/87,8818,
AWK,American Water Works Company Inc,Utilities,Water Utilities,"Voorhees, New Jersey",3/4/16,1410636,1886
AXP,American Express Co,Financials,Consumer Finance,"New York, New York",6/30/76,4962,1850
AZO,AutoZone Inc,Consumer Discretionary,Specialty Stores,"Memphis, Tennessee",1/2/97,866787,
BA,Boeing Company,Industrials,Aerospace & Defense,"Chicago, Illinois",,12927,1916
BAC,Bank of America Corp,Financials,Diversified Banks,"Charlotte, North Carolina",6/30/76,70858,
BAX,Baxter International Inc.,Health Care,Health Care Equipment,"Deerfield, Illinois",9/30/72,10456,1931
BBT,BB&T Corporation,Financials,Regional Banks,"Winston-Salem, North Carolina",12/4/97,92230,
BBY,Best Buy Co. Inc.,Consumer Discretionary,Computer & Electronics Retail,"Richfield, Minnesota",6/29/99,764478,
BDX,Becton Dickinson,Health Care,Health Care Equipment,"Franklin Lakes, New Jersey",9/30/72,10795,1897
BEN,Franklin Resources,Financials,Asset Management & Custody Banks,"San Mateo, California",,38777,1947
BF.B,Brown-Forman Corp.,Consumer Staples,Distillers & Vintners,"Louisville, Kentucky",10/31/82,14693,
BHF,Brighthouse Financial Inc,Financials,Life & Health Insurance,"Charlotte, North Carolina",8/8/17,1685040,
BHGE,"Baker Hughes, a GE Company",Energy,Oil & Gas Equipment & Services,"Houston, Texas",,1701605,2017
BIIB,Biogen Inc.,Health Care,Biotechnology,"Weston, Massachusetts",11/13/03,875045,
BK,The Bank of New York Mellon Corp.,Financials,Asset Management & Custody Banks,"New York, New York",3/31/95,1390777,
BKNG,Booking Holdings Inc,Consumer Discretionary,Internet & Direct Marketing Retail,"Norwalk, Connecticut",11/6/09,1075531,
BLK,BlackRock,Financials,Asset Management & Custody Banks,"New York, New York",4/4/11,1364742,
BLL,Ball Corp,Materials,Metal & Glass Containers,"Broomfield, Colorado",10/31/84,9389,
BMY,Bristol-Myers Squibb,Health Care,Health Care Distributors,"New York, New York",,14272,1989
BR,Broadridge Financial Solutions,Information Technology,Data Processing & Outsourced Services,"Lake Success, New York",6/18/18,1383312,1962
BRK.B,Berkshire Hathaway,Financials,Multi-Sector Holdings,"Omaha, Nebraska",2/16/10,1067983,
BSX,Boston Scientific,Health Care,Health Care Equipment,"Marlborough, Massachusetts[6]",2/24/95,885725,
BWA,BorgWarner,Consumer Discretionary,Auto Parts & Equipment,"Auburn Hills, Michigan",12/19/11,908255,
BXP,Boston Properties,Real Estate,Office REITs,"Boston, Massachusetts",4/3/06,1037540,
C,Citigroup Inc.,Financials,Diversified Banks,"New York, New York",5/31/88,831001,
CA,"CA, Inc.",Information Technology,Systems Software,"Islandia, New York",7/31/87,356028,
CAG,Conagra Brands,Consumer Staples,Packaged Foods & Meats,"Chicago, Illinois",8/31/83,23217,
CAH,Cardinal Health Inc.,Health Care,Health Care Distributors,"Dublin, Ohio",5/27/97,721371,
CAT,Caterpillar Inc.,Industrials,Construction Machinery & Heavy Trucks,"Peoria, Illinois",,18230,1925
CB,Chubb Limited,Financials,Property & Casualty Insurance,"Zurich, Switzerland",7/15/10,896159,
CBOE,Cboe Global Markets,Financials,Financial Exchanges & Data,"Chicago, Illinois",3/1/17,1374310,
CBRE,CBRE Group,Real Estate,Real Estate Services,"Los Angeles, California",11/10/06,1138118,
CBS,CBS Corp.,Communication Services,Broadcasting,"New York, New York",9/1/94,813828,
CCI,Crown Castle International Corp.,Real Estate,Specialized REITs,"Houston, Texas",3/14/12,1051470,
CCL,Carnival Corp.,Consumer Discretionary,"Hotels, Resorts & Cruise Lines","Miami, Florida",12/22/98,815097,
CDNS,Cadence Design Systems,Information Technology,Application Software,"San Jose, California",9/18/17,813672,
CELG,Celgene Corp.,Health Care,Biotechnology,"Summit, New Jersey",11/6/06,816284,
CERN,Cerner,Health Care,Health Care Technology,"North Kansas City, Missouri",4/30/10,804753,
CF,CF Industries Holdings Inc,Materials,Fertilizers & Agricultural Chemicals,"Deerfield, Illinois",8/27/08,1324404,
CFG,Citizens Financial Group,Financials,Regional Banks,"Providence, Rhode Island",1/29/16,759944,
CHD,Church & Dwight,Consumer Staples,Household Products,"Ewing, New Jersey",12/29/15,313927,
CHRW,C. H. Robinson Worldwide,Industrials,Air Freight & Logistics,"Eden Prairie, Minnesota",3/2/07,1043277,
CHTR,Charter Communications,Communication Services,Cable & Satellite,"Stamford, Connecticut",9/8/16,1091667,
CI,CIGNA Corp.,Health Care,Managed Health Care,"Bloomfield, Connecticut",6/30/76,701221,
CINF,Cincinnati Financial,Financials,Property & Casualty Insurance,"Fairfield, Ohio",12/18/97,20286,
CL,Colgate-Palmolive,Consumer Staples,Household Products,"New York, New York",,21665,1806
CLX,The Clorox Company,Consumer Staples,Household Products,"Oakland, California",3/31/69,21076,1913
CMA,Comerica Inc.,Financials,Diversified Banks,"Dallas, Texas",12/1/95,28412,
CMCSA,Comcast Corp.,Communication Services,Cable & Satellite,"Philadelphia, Pennsylvania",9/18/15,1166691,
CME,CME Group Inc.,Financials,Financial Exchanges & Data,"Chicago, Illinois",8/11/06,1156375,
CMG,Chipotle Mexican Grill,Consumer Discretionary,Restaurants,"Denver, Colorado",4/28/11,1058090,
CMI,Cummins Inc.,Industrials,Industrial Machinery,"Columbus, Indiana",3/31/65,26172,1919
CMS,CMS Energy,Utilities,Multi-Utilities,"Jackson, Michigan",5/3/99,811156,
CNC,Centene Corporation,Health Care,Managed Health Care,"St Louis, Missouri",3/30/16,1071739,
CNP,CenterPoint Energy,Utilities,Multi-Utilities,"Houston, Texas",7/31/85,1130310,
COF,Capital One Financial,Financials,Consumer Finance,"Tysons Corner, Virginia",7/1/98,927628,1935
COG,Cabot Oil & Gas,Energy,Oil & Gas Exploration & Production,"Houston, Texas",6/23/08,858470,
COL,Rockwell Collins,Industrials,Aerospace & Defense,"Cedar Rapids, Iowa",7/2/01,1137411,
COO,The Cooper Companies,Health Care,Health Care Supplies,"Pleasanton, California",9/23/16,711404,
COP,ConocoPhillips,Energy,Oil & Gas Exploration & Production,"Houston, Texas",,1163165,2002
COST,Costco Wholesale Corp.,Consumer Staples,Hypermarkets & Super Centers,"Issaquah, Washington",10/1/93,909832,
COTY,"Coty, Inc",Consumer Staples,Personal Products,"New York, New York",10/3/16,1024305,
CPB,Campbell Soup,Consumer Staples,Packaged Foods & Meats,"Camden, New Jersey",,16732,1869
CPRT,Copart Inc,Industrials,Diversified Support Services,"Dallas, Texas",7/2/18,900075,
CRM,Salesforce.com,Information Technology,Internet Software & Services,"San Francisco, California",9/15/08,1108524,
CSCO,Cisco Systems,Information Technology,Communications Equipment,"San Jose, California",12/1/93,858877,
CSX,CSX Corp.,Industrials,Railroads,"Jacksonville, Florida",9/30/67,277948,1980
CTAS,Cintas Corporation,Industrials,Diversified Support Services,"Mason, Ohio",3/1/01,723254,
CTL,CenturyLink Inc,Communication Services,Integrated Telecommunication Services,"Monroe, Louisiana",3/25/99,18926,
CTSH,Cognizant Technology Solutions,Information Technology,IT Consulting & Other Services,"Teaneck, New Jersey",11/17/06,1058290,
CTXS,Citrix Systems,Information Technology,Internet Software & Services,"Fort Lauderdale, Florida",12/1/99,877890,
CVS,CVS Health,Consumer Staples,Drug Retail,"Woonsocket, Rhode Island",,64803,1996
CVX,Chevron Corp.,Energy,Integrated Oil & Gas,"San Ramon, California",,93410,1879
CXO,Concho Resources,Energy,Oil & Gas Exploration & Production,"Midland, Texas",2/22/16,1358071,
D,Dominion Energy,Utilities,Electric Utilities,"Richmond, Virginia",,715957,1983
DAL,Delta Air Lines Inc.,Industrials,Airlines,"Atlanta, Georgia",9/11/13,27904,
DE,Deere & Co.,Industrials,Agricultural & Farm Machinery,"Moline, Illinois",,315189,1837
DFS,Discover Financial Services,Financials,Consumer Finance,"Riverwoods, Illinois",7/2/07,1393612,
DG,Dollar General,Consumer Discretionary,General Merchandise Stores,"Goodlettsville, Tennessee",12/3/12,29534,
DGX,Quest Diagnostics,Health Care,Health Care Services,"Madison, New Jersey",12/12/02,1022079,
DHI,D. R. Horton,Consumer Discretionary,Homebuilding,"Fort Worth, Texas",,882184,1978
DHR,Danaher Corp.,Health Care,Health Care Equipment,"Washington, D.C.",,313616,1969
DIS,The Walt Disney Company,Communication Services,Cable & Satellite,"Burbank, California",6/30/76,1001039,
DISCA,Discovery Inc. Class A,Communication Services,Cable & Satellite,"Silver Spring, Maryland",3/1/10,1437107,
DISCK,Discovery Inc. Class C,Communication Services,Cable & Satellite,"Silver Spring, Maryland",8/7/14,1437107,
DISH,Dish Network,Communication Services,Cable & Satellite,"Meridian, Colorado",3/13/17,1001082,
DLR,Digital Realty Trust Inc,Real Estate,Specialized REITs,"San Francisco, California",5/18/16,1297996,
DLTR,Dollar Tree,Consumer Discretionary,General Merchandise Stores,"Chesapeake, Virginia",12/19/11,935703,
DOV,Dover Corp.,Industrials,Industrial Machinery,"Downers Grove, Illinois",10/31/85,29905,
DRE,Duke Realty Corp,Real Estate,Industrial REITs,"Indianapolis, Indiana",7/26/17,783280,
DRI,Darden Restaurants,Consumer Discretionary,Restaurants,"Orlando, Florida",,940944,1938
DTE,DTE Energy Co.,Utilities,Multi-Utilities,"Detroit, Michigan",,936340,1995
DUK,Duke Energy,Utilities,Electric Utilities,"Charlotte, North Carolina",6/30/76,1326160,
DVA,DaVita Inc.,Health Care,Health Care Facilities,"Denver, Colorado",7/31/08,927066,
DVN,Devon Energy Corp.,Energy,Oil & Gas Exploration & Production,"Oklahoma City, Oklahoma",8/30/00,1090012,
DWDP,DowDuPont,Materials,Diversified Chemicals,"Midland, Michigan",,1666700,2017
DXC,DXC Technology,Information Technology,IT Consulting & Other Services,"Tysons Corner, Virginia",4/4/17,1688568,
EA,Electronic Arts,Communication Services,Home Entertainment Software,"Redwood City, California",7/22/02,712515,
EBAY,eBay Inc.,Consumer Discretionary,Internet Software & Services,"San Jose, California",,1065088,1995
ECL,Ecolab Inc.,Materials,Specialty Chemicals,"St. Paul, Minnesota",1/31/89,31462,
ED,Consolidated Edison,Utilities,Electric Utilities,"New York, New York",,1047862,1823
EFX,Equifax Inc.,Industrials,Research & Consulting Services,"Atlanta, Georgia",6/19/97,33185,
EIX,Edison Int'l,Utilities,Electric Utilities,"Rosemead, California",,827052,1886
EL,Estee Lauder Cos.,Consumer Staples,Personal Products,"New York, New York",1/5/06,1001250,
EMN,Eastman Chemical,Materials,Diversified Chemicals,"Kingsport, Tennessee",1/1/94,915389,
EMR,Emerson Electric Company,Industrials,Electrical Components & Equipment,"Ferguson, Missouri",3/31/65,32604,1890
EOG,EOG Resources,Energy,Oil & Gas Exploration & Production,"Houston, Texas",11/2/00,821189,
EQIX,Equinix,Real Estate,Specialized REITs,"Redwood City, California",3/20/15,1101239,
EQR,Equity Residential,Real Estate,Residential REITs,"Chicago, Illinois",12/3/01,906107,
EQT,EQT Corporation,Energy,Oil & Gas Exploration & Production,"Pittsburgh, Pennsylvania",12/19/08,33213,
ES,Eversource Energy,Utilities,Multi-Utilities,"Springfield, Massachusetts",,72741,1966
ESRX,Express Scripts,Health Care,Health Care Distributors,"Cool Valley, Missouri",9/25/03,1532063,
ESS,"Essex Property Trust, Inc.",Real Estate,Residential REITs,"Palo Alto, California",4/2/14,920522,
ETFC,E*Trade,Financials,Investment Banking & Brokerage,"New York, New York",3/31/04,1015780,
ETN,Eaton Corporation,Industrials,Electrical Components & Equipment,"Dublin, Ireland",,1551182,1911
ETR,Entergy Corp.,Utilities,Electric Utilities,"New Orleans, Louisiana",,65984,1913
EVHC,Envision Healthcare,Health Care,Health Care Services,"Nashville, Tennessee",12/2/16,895930,
EVRG,Evergy,Utilities,Electric Utilities,"Kansas City, Missouri",6/5/18,1711269,1909
EW,Edwards Lifesciences,Health Care,Health Care Equipment,"Irvine, California",4/1/11,1099800,
EXC,Exelon Corp.,Utilities,Multi-Utilities,"Chicago, Illinois",,1109357,2000
EXPD,Expeditors,Industrials,Air Freight & Logistics,"Seattle, Washington",10/10/07,746515,
EXPE,Expedia Group,Consumer Discretionary,Internet & Direct Marketing Retail,"Bellevue, Washington",10/2/07,1324424,
EXR,Extra Space Storage,Real Estate,Specialized REITs,"Salt Lake City, Utah",1/19/16,1289490,
F,Ford Motor,Consumer Discretionary,Automobile Manufacturers,"Dearborn, Michigan",,37996,1903
FAST,Fastenal Co,Industrials,Building Products,"Winona, Minnesota",9/15/09,815556,
FB,"Facebook, Inc.",Communication Services,Internet Software & Services,"Menlo Park, California",12/23/13,1326801,
FBHS,Fortune Brands Home & Security,Industrials,Building Products,"Deerfield, Illinois",6/22/16,1519751,
FCX,Freeport-McMoRan Inc.,Materials,Copper,"Phoenix, Arizona",,831259,1912
FDX,FedEx Corporation,Industrials,Air Freight & Logistics,"Memphis, Tennessee",12/31/80,1048911,
FE,FirstEnergy Corp,Utilities,Electric Utilities,"Akron, Ohio",,1031296,1997
FFIV,F5 Networks,Information Technology,Communications Equipment,"Seattle, Washington",12/20/10,1048695,1996
FIS,Fidelity National Information Services,Information Technology,Internet Software & Services,"Jacksonville, Florida",11/10/06,1136893,
FISV,Fiserv Inc,Information Technology,Internet Software & Services,"Brookfield, Wisconsin",4/2/01,798354,
FITB,Fifth Third Bancorp,Financials,Regional Banks,"Cincinnati, Ohio",,35527,1858
FL,Foot Locker Inc,Consumer Discretionary,Apparel Retail,"New York, New York",4/4/16,850209,
FLIR,FLIR Systems,Information Technology,Electronic Equipment & Instruments,"Wilsonville, Oregon",1/2/09,354908,
FLR,Fluor Corp.,Industrials,Construction & Engineering,"Irving, Texas",3/31/80,1124198,
FLS,Flowserve Corporation,Industrials,Industrial Machinery,"Irving, Texas",10/2/08,30625,
FLT,FleetCor Technologies Inc,Information Technology,Data Processing & Outsources Services,"Norcross, Georgia",6/20/18,1175454,2000
FMC,FMC Corporation,Materials,Fertilizers & Agricultural Chemicals,"Philadelphia, Pennsylvania",8/19/09,37785,
FOX,Twenty-First Century Fox Class B,Communication Services,Publishing,"New York, New York",9/18/15,1308161,
FOXA,Twenty-First Century Fox Class A,Communication Services,Publishing,"New York, New York",7/1/13,1308161,
FRT,Federal Realty Investment Trust,Real Estate,Retail REITs,"Rockville, Maryland",2/1/16,34903,
FTI,TechnipFMC,Energy,Oil & Gas Equipment & Services,"London, United Kingdom",6/5/09,1681459,
FTV,Fortive Corp,Industrials,Industrial Machinery,"Everett, Washington",7/1/16,1659166,
GD,General Dynamics,Industrials,Aerospace & Defense,"Falls Church, Virginia",,40533,1899
GE,General Electric,Industrials,Industrial Conglomerates,"Boston, Massachusetts",,40545,1892
GILD,Gilead Sciences,Health Care,Biotechnology,"Foster City, California",7/1/04,882095,
GIS,General Mills,Consumer Staples,Packaged Foods & Meats,"Golden Valley, Minnesota",3/31/69,40704,1856
GLW,Corning Inc.,Information Technology,Electronic Components,"Corning, New York",,24741,1851
GM,General Motors,Consumer Discretionary,Automobile Manufacturers,"Detroit, Michigan",6/6/13,1467858,
GOOG,Alphabet Inc Class C,Communication Services,Internet Software & Services,"Mountain View, California",4/3/06,1652044,1998
GOOGL,Alphabet Inc Class A,Communication Services,Internet Software & Services,"Mountain View, California",4/3/14,1652044,1998
GPC,Genuine Parts,Consumer Discretionary,Specialty Stores,"Atlanta, Georgia",12/31/73,40987,1925
GPN,Global Payments Inc.,Information Technology,Data Processing & Outsourced Services,"Atlanta, Georgia",4/25/16,1123360,
GPS,Gap Inc.,Consumer Discretionary,Apparel Retail,"San Francisco, California",8/31/86,39911,
GRMN,Garmin Ltd.,Consumer Discretionary,Consumer Electronics,"Schaffhausen, Switzerland",12/12/12,1121788,
GS,Goldman Sachs Group,Financials,Investment Banking & Brokerage,"New York, New York",7/22/02,886982,
GT,Goodyear Tire & Rubber,Consumer Discretionary,Tires & Rubber,"Akron, Ohio",,42582,1898
GWW,Grainger (W.W.) Inc.,Industrials,Industrial Machinery,"Lake Forest, Illinois",6/30/81,277135,
HAL,Halliburton Co.,Energy,Oil & Gas Equipment & Services,"Houston, Texas",,45012,1919
HAS,Hasbro Inc.,Consumer Discretionary,Leisure Products,"Pawtucket, Rhode Island",9/30/84,46080,
HBAN,Huntington Bancshares,Financials,Regional Banks,"Columbus, Ohio",,49196,1866
HBI,Hanesbrands Inc,Consumer Discretionary,"Apparel, Accessories & Luxury Goods","Winston-Salem, North Carolina",3/20/15,1359841,
HCA,HCA Holdings,Health Care,Health Care Facilities,"Nashville, Tennessee",1/27/15,860730,
HCP,HCP Inc.,Real Estate,Health Care REITs,"Long Beach, California",3/31/08,765880,
HD,Home Depot,Consumer Discretionary,Home Improvement Retail,"Atlanta, Georgia",3/31/88,354950,
HES,Hess Corporation,Energy,Integrated Oil & Gas,"New York, New York",5/31/84,4447,
HFC,HollyFrontier Corp,Energy,Oil & Gas Refining & Marketing,"Dallas, Texas",6/18/18,48039,1947
HIG,Hartford Financial Svc.Gp.,Financials,Property & Casualty Insurance,"Hartford, Connecticut",,874766,
HII,Huntington Ingalls Industries,Industrials,Aerospace & Defense,"Newport News, Virginia",1/3/18,1501585,
HLT,Hilton Worldwide Holdings Inc,Consumer Discretionary,"Hotels, Resorts & Cruise Lines","Tysons Corner, Virginia",6/19/17,1585689,
HOG,Harley-Davidson,Consumer Discretionary,Motorcycle Manufacturers,"Milwaukee, Wisconsin",,793952,1903
HOLX,Hologic,Health Care,Health Care Equipment,"Marlborough, Massachusetts",3/30/16,859737,
HON,Honeywell Int'l Inc.,Industrials,Industrial Conglomerates,"Morristown, New Jersey",3/31/64,773840,1906
HP,Helmerich & Payne,Energy,Oil & Gas Drilling,"Tulsa, Oklahoma[7]",3/1/10,46765,
HPE,Hewlett Packard Enterprise,Information Technology,"Technology Hardware, Storage & Peripherals","Palo Alto, California",11/2/15,1645590,
HPQ,HP Inc.,Information Technology,"Technology Hardware, Storage & Peripherals","Palo Alto, California",12/31/74,47217,1939 (2015)
HRB,Block H&R,Financials,Consumer Finance,"Kansas City, Missouri",11/30/86,12659,
HRL,Hormel Foods Corp.,Consumer Staples,Packaged Foods & Meats,"Austin, Minnesota",3/4/09,48465,
HRS,Harris Corporation,Information Technology,Communications Equipment,"Melbourne, Florida",9/22/08,202058,
HSIC,Henry Schein,Health Care,Health Care Distributors,"Melville, New York",3/17/15,1000228,
HST,Host Hotels & Resorts,Real Estate,Hotel & Resort REITs,"Bethesda, Maryland",3/20/07,1070750,
HSY,The Hershey Company,Consumer Staples,Packaged Foods & Meats,"Hershey, Pennsylvania",,47111,1894
HUM,Humana Inc.,Health Care,Managed Health Care,"Louisville, Kentucky",,49071,1961
IBM,International Business Machines,Information Technology,IT Consulting & Other Services,"Armonk, New York",,51143,1911
ICE,Intercontinental Exchange,Financials,Financial Exchanges & Data,"Atlanta, Georgia",9/26/07,1571949,
IDXX,IDEXX Laboratories,Health Care,Health Care Equipment,"Westbrook, Maine",1/5/17,874716,
IFF,Intl Flavors & Fragrances,Materials,Specialty Chemicals,"New York, New York",3/31/76,51253,
ILMN,Illumina Inc,Health Care,Life Sciences Tools & Services,"San Diego, California",11/19/15,1110803,
INCY,Incyte,Health Care,Biotechnology,"Wilmington, Delaware",2/28/17,879169,
INFO,IHS Markit Ltd.,Industrials,Research & Consulting Services,"London, United Kingdom",6/2/17,1598014,
INTC,Intel Corp.,Information Technology,Semiconductors,"Santa Clara, California",12/31/76,50863,
INTU,Intuit Inc.,Information Technology,Internet Software & Services,"Mountain View, California",12/5/00,896878,
IP,International Paper,Materials,Paper Packaging,"Memphis, Tennessee",,51434,1898
IPG,Interpublic Group,Communication Services,Advertising,"New York, New York",10/1/92,51644,
IPGP,IPG Photonics Corp.,Information Technology,Electronic Manufacturing Services,"Oxford, Massachusetts",3/7/18,1111928,
IQV,IQVIA Holdings Inc.,Health Care,Life Sciences Tools & Service,"Durham, North Carolina",8/29/17,1478242,
IR,Ingersoll-Rand PLC,Industrials,Industrial Machinery,"Dublin, Ireland",11/17/10,1466258,
IRM,Iron Mountain Incorporated,Real Estate,Specialized REITs,"Boston, Massachusetts",1/6/09,1020569,
ISRG,Intuitive Surgical Inc.,Health Care,Health Care Equipment,"Sunnyvale, California",6/2/08,1035267,
IT,Gartner Inc,Information Technology,IT Consulting & Other Services,"Stamford, Connecticut",4/5/17,749251,
ITW,Illinois Tool Works,Industrials,Industrial Machinery,"Glenview, Illinois",2/28/86,49826,
IVZ,Invesco Ltd.,Financials,Asset Management & Custody Banks,"Atlanta, Georgia",8/21/08,914208,
JBHT,J. B. Hunt Transport Services,Industrials,Trucking,"Lowell, Arkansas",7/1/15,728535,
JCI,Johnson Controls International,Industrials,Building Products,"Cork, Ireland",8/27/10,833444,
JEC,Jacobs Engineering Group,Industrials,Construction & Engineering,"Pasadena, California",10/26/07,52988,
JEF,Jefferies Financial Group,Financials,Multi-Sector Holdings,"New York, New York",8/27/07,96223,
JNJ,Johnson & Johnson,Health Care,Health Care Equipment,"New Brunswick, New Jersey",6/30/73,200406,1886
JNPR,Juniper Networks,Information Technology,Communications Equipment,"Sunnyvale, California",,1043604,1996
JPM,JPMorgan Chase & Co.,Financials,Diversified Banks,"New York, New York",6/30/75,19617,
JWN,Nordstrom,Consumer Discretionary,Department Stores,"Seattle, Washington",8/31/86,72333,
K,Kellogg Co.,Consumer Staples,Packaged Foods & Meats,"Battle Creek, Michigan",,55067,1906
KEY,KeyCorp,Financials,Regional Banks,"Cleveland, Ohio",3/1/94,91576,
KHC,Kraft Heinz Co,Consumer Staples,Packaged Foods & Meats,"Pittsburgh, Pennsylvania",7/6/15,1637459,
KIM,Kimco Realty,Real Estate,Retail REITs,"New Hyde Park, New York",4/4/06,879101,
KLAC,KLA-Tencor Corp.,Information Technology,Semiconductor Equipment,"Milpitas, California",,319201,1975/1977 (1997)
KMB,Kimberly-Clark,Consumer Staples,Household Products,"Irving, Texas",,55785,1872
KMI,Kinder Morgan,Energy,Oil & Gas Storage & Transportation,"Houston, Texas",5/25/12,1506307,
KMX,Carmax Inc,Consumer Discretionary,Specialty Stores,"Richmond, Virginia",6/28/10,1170010,
KO,Coca-Cola Company (The),Consumer Staples,Soft Drinks,"Atlanta, Georgia",,21344,1886
KORS,Michael Kors Holdings,Consumer Discretionary,"Apparel, Accessories & Luxury Goods","New York, New York",11/13/13,1530721,
KR,Kroger Co.,Consumer Staples,Food Retail,"Cincinnati, Ohio",,56873,1883
KSS,Kohl's Corp.,Consumer Discretionary,General Merchandise Stores,"Menomonee Falls, Wisconsin",,885639,1962
KSU,Kansas City Southern,Industrials,Railroads,"Kansas City, Missouri",5/24/13,54480,
L,Loews Corp.,Financials,Multi-line Insurance,"New York, New York",,60086,
LB,L Brands Inc.,Consumer Discretionary,Apparel Retail,"Columbus, Ohio",9/30/83,701985,
LEG,Leggett & Platt,Consumer Discretionary,Home Furnishings,"Carthage, Missouri",,58492,1883
LEN,Lennar Corp.,Consumer Discretionary,Homebuilding,"Miami, Florida",10/4/05,920760,
LH,Laboratory Corp. of America Holding,Health Care,Health Care Services,"Burlington, North Carolina",11/1/04,920148,
LKQ,LKQ Corporation,Consumer Discretionary,Distributors,"Chicago, Illinois",5/23/16,1065696,
LLL,L-3 Communications Holdings,Industrials,Aerospace & Defense,"New York, New York",,1056239,1997
LLY,Lilly (Eli) & Co.,Health Care,Pharmaceuticals,"Indianapolis, Indiana",12/31/70,59478,1876
LMT,Lockheed Martin Corp.,Industrials,Aerospace & Defense,"Bethesda, Maryland",7/31/84,936468,
LNC,Lincoln National,Financials,Multi-line Insurance,"Radnor, Pennsylvania",6/30/76,59558,
LNT,Alliant Energy Corp,Utilities,Electric Utilities,"Madison, Wisconsin",7/1/16,352541,1917
LOW,Lowe's Cos.,Consumer Discretionary,Home Improvement Retail,"Mooresville, North Carolina",2/29/84,60667,1904/1946/1959
LRCX,Lam Research,Information Technology,Semiconductor Equipment,"Fremont, California",6/29/12,707549,
LUV,Southwest Airlines,Industrials,Airlines,"Dallas, Texas",7/1/94,92380,
LYB,LyondellBasell,Materials,Specialty Chemicals,"Rotterdam, Netherlands",9/5/12,1489393,
M,Macy's Inc.,Consumer Discretionary,Department Stores,"Cincinnati, Ohio",,794367,1929
MA,Mastercard Inc.,Information Technology,Internet Software & Services,"Harrison, New York",7/18/08,1141391,
MAA,Mid-America Apartments,Real Estate,Residential REITs,"Memphis, Tennessee",12/2/16,912595,
MAC,Macerich,Real Estate,Retail REITs,"Santa Monica, California",5/9/13,912242,
MAR,Marriott Int'l.,Consumer Discretionary,"Hotels, Resorts & Cruise Lines","Bethesda, Maryland",,1048286,1927
MAS,Masco Corp.,Industrials,Building Products,"Taylor, Michigan",6/30/81,62996,
MAT,Mattel Inc.,Consumer Discretionary,Leisure Products,"El Segundo, California",3/31/82,63276,
MCD,McDonald's Corp.,Consumer Discretionary,Restaurants,"Chicago, Illinois",6/30/70,63908,1940
MCHP,Microchip Technology,Information Technology,Semiconductors,"Chandler, Arizona",9/7/07,827054,
MCK,McKesson Corp.,Health Care,Health Care Distributors,"San Francisco, California",,927653,1833
MCO,Moody's Corp,Financials,Financial Exchanges & Data,"New York, New York",,1059556,1909
MDLZ,Mondelez International,Consumer Staples,Packaged Foods & Meats,"Northfield, Illinois",10/2/12,1103982,
MDT,Medtronic plc,Health Care,Health Care Equipment,"Dublin, Ireland",10/31/86,64670,
MET,MetLife Inc.,Financials,Life & Health Insurance,"New York, New York",,1099219,1868
MGM,MGM Resorts International,Consumer Discretionary,Casinos & Gaming,"Paradise, Nevada",7/26/17,789570,
MHK,Mohawk Industries,Consumer Discretionary,Home Furnishings,"Amsterdam, New York",12/23/13,851968,
MKC,McCormick & Co.,Consumer Staples,Packaged Foods & Meats,"Sparks, Maryland",,63754,1889
MLM,Martin Marietta Materials,Materials,Construction Materials,"Raleigh, North Carolina",7/2/14,916076,
MMC,Marsh & McLennan,Financials,Insurance Brokers,"New York, New York",8/31/87,62709,
MMM,3M Company,Industrials,Industrial Conglomerates,"St. Paul, Minnesota",,66740,1902
MNST,Monster Beverage,Consumer Staples,Soft Drinks,"Corona, California",6/28/12,865752,
MO,Altria Group Inc,Consumer Staples,Tobacco,"Richmond, Virginia",,764180,1985
MOS,The Mosaic Company,Materials,Fertilizers & Agricultural Chemicals,"Plymouth, Minnesota",9/26/11,1285785,
MPC,Marathon Petroleum,Energy,Oil & Gas Refining & Marketing,"Findlay, Ohio",7/1/11,1510295,
MRK,Merck & Co.,Health Care,Pharmaceuticals,"Whitehouse Station, New Jersey",,310158,1891
MRO,Marathon Oil Corp.,Energy,Oil & Gas Exploration & Production,"Houston, Texas",5/1/91,101778,
MS,Morgan Stanley,Financials,Investment Banking & Brokerage,"New York, New York",,895421,1935
MSCI,MSCI Inc,Financials,Financial Exchanges & Data,"New York, New York",4/4/18,1408198,
MSFT,Microsoft Corp.,Information Technology,Systems Software,"Redmond, Washington",6/1/94,789019,
MSI,Motorola Solutions Inc.,Information Technology,Communications Equipment,"Schaumburg, Illinois",,68505,1928 (2011)
MTB,M&T Bank Corp.,Financials,Regional Banks,"Buffalo, New York",,36270,1856
MTD,Mettler Toledo,Health Care,Life Sciences Tools & Services,"Columbus, Ohio",9/6/16,1037646,
MU,Micron Technology,Information Technology,Semiconductors,"Boise, Idaho",9/27/94,723125,
MYL,Mylan N.V.,Health Care,Pharmaceuticals,"Amsterdam, Netherlands",4/23/04,69499,
NBL,Noble Energy Inc,Energy,Oil & Gas Exploration & Production,"Houston, Texas",10/8/07,72207,
NCLH,Norwegian Cruise Line,Consumer Discretionary,"Hotels, Resorts & Cruise Lines","Miami, Florida",10/13/17,1513761,
NDAQ,"Nasdaq, Inc.",Financials,Financial Exchanges & Data,"New York, New York",10/22/08,1120193,
NEE,NextEra Energy,Utilities,Multi-Utilities,"Juno Beach, Florida",6/30/76,753308,
NEM,Newmont Mining Corporation,Materials,Gold,"Denver, Colorado",6/30/69,1164727,1921
NFLX,Netflix Inc.,Communication Services,Internet Software & Services,"Los Gatos, California",12/20/10,1065280,
NFX,Newfield Exploration Co,Energy,Oil & Gas Exploration & Production,"Houston, Texas",12/20/10,912750,
NI,NiSource Inc.,Utilities,Multi-Utilities,"Merrillville, Indiana",,1111711,1912
NKE,Nike,Consumer Discretionary,"Apparel, Accessories & Luxury Goods","Washington County, Oregon",11/30/88,320187,
NKTR,Nektar Therapeutics,Health Care,Pharmaceuticals,"San Francisco, California",3/19/18,906709,
NLSN,Nielsen Holdings,Industrials,Research & Consulting Services,"New York, New York",7/9/13,1492633,
NOC,Northrop Grumman Corp.,Industrials,Aerospace & Defense,"West Falls Church, Virginia",6/30/85,1133421,
NOV,National Oilwell Varco Inc.,Energy,Oil & Gas Equipment & Services,"Houston, Texas",3/14/05,1021860,
NRG,NRG Energy,Utilities,Independent Power Producers & Energy Traders,"Princeton, New Jersey",1/29/10,1013871,
NSC,Norfolk Southern Corp.,Industrials,Railroads,"Norfolk, Virginia",,702165,1881/1894 (1980)
NTAP,NetApp,Information Technology,Internet Software & Services,"Sunnyvale, California",6/25/99,1002047,
NTRS,Northern Trust Corp.,Financials,Asset Management & Custody Banks,"Chicago, Illinois",,73124,1889
NUE,Nucor Corp.,Materials,Steel,"Charlotte, North Carolina",4/30/85,73309,
NVDA,Nvidia Corporation,Information Technology,Semiconductors,"Santa Clara, California",11/30/01,1045810,
NWL,Newell Brands,Consumer Discretionary,Housewares & Specialties,"Sandy Springs, Georgia",4/30/89,814453,
NWS,News Corp. Class B,Consumer Discretionary,Publishing,"New York, New York",9/18/15,1564708,
NWSA,News Corp. Class A,Consumer Discretionary,Publishing,"New York, New York",8/1/13,1564708,
O,Realty Income Corporation,Real Estate,Retail REITs,"San Diego, California",4/7/15,726728,
OKE,ONEOK,Energy,Oil & Gas Storage & Transportation,"Tulsa, Oklahoma",3/15/10,1039684,
OMC,Omnicom Group,Communication Services,Advertising,"New York, New York",,29989,1986
ORCL,Oracle Corp.,Information Technology,Application Software,"Redwood Shores, California",8/31/89,1341439,
ORLY,O'Reilly Automotive,Consumer Discretionary,Specialty Stores,"Springfield, Missouri",3/27/09,898173,
OXY,Occidental Petroleum,Energy,Oil & Gas Exploration & Production,"Los Angeles, California",12/31/82,797468,
PAYX,Paychex Inc.,Information Technology,Internet Software & Services,"Penfield, New York",,723531,1971
PBCT,People's United Financial,Financials,Thrifts & Mortgage Finance,"Bridgeport, Connecticut",11/13/08,1378946,
PCAR,PACCAR Inc.,Industrials,Construction Machinery & Heavy Trucks,"Bellevue, Washington",12/31/80,75362,
PCG,PG&E Corp.,Utilities,Multi-Utilities,"San Francisco, California",,1004980,1905
PEG,Public Serv. Enterprise Inc.,Utilities,Electric Utilities,"Newark, New Jersey",,788784,
PEP,PepsiCo Inc.,Consumer Staples,Soft Drinks,"Purchase, New York",,77476,1898
PFE,Pfizer Inc.,Health Care,Pharmaceuticals,"New York, New York",,78003,1849
PFG,Principal Financial Group,Financials,Life & Health Insurance,"Des Moines, Iowa",7/22/02,1126328,
PG,Procter & Gamble,Consumer Staples,Personal Products,"Cincinnati, Ohio",,80424,1837
PGR,Progressive Corp.,Financials,Property & Casualty Insurance,"Mayfield Village, Ohio",8/4/97,80661,
PH,Parker-Hannifin,Industrials,Industrial Machinery,"Cleveland, Ohio",11/30/85,76334,
PHM,Pulte Homes Inc.,Consumer Discretionary,Homebuilding,"Atlanta, Georgia",4/30/84,822416,
PKG,Packaging Corporation of America,Materials,Paper Packaging,"Lake Forest, Illinois",7/26/17,75677,
PKI,PerkinElmer,Health Care,Health Care Equipment,"Waltham, Massachusetts",5/31/85,31791,
PLD,Prologis,Real Estate,Industrial REITs,"San Francisco, California",7/17/03,1045609,
PM,Philip Morris International,Consumer Staples,Tobacco,"New York, New York",3/31/08,1413329,
PNC,PNC Financial Services,Financials,Regional Banks,"Pittsburgh, Pennsylvania",4/30/88,713676,
PNR,Pentair plc,Industrials,Industrial Machinery,"Worsley, UK",10/1/12,77360,
PNW,Pinnacle West Capital,Utilities,Multi-Utilities,"Phoenix, Arizona",,764622,1985
PPG,PPG Industries,Materials,Specialty Chemicals,"Pittsburgh, Pennsylvania",,79879,1883
PPL,PPL Corp.,Utilities,Electric Utilities,"Allentown, Pennsylvania",,922224,
PRGO,Perrigo,Health Care,Pharmaceuticals,"Dublin, Ireland",12/19/11,1585364,
PRU,Prudential Financial,Financials,Life & Health Insurance,"Newark, New Jersey",7/22/02,1137774,
PSA,Public Storage,Real Estate,Specialized REITs,"Glendale, California",8/19/05,1393311,
PSX,Phillips 66,Energy,Oil & Gas Refining & Marketing,"Houston, Texas",5/1/12,1534701,
PVH,PVH Corp.,Consumer Discretionary,"Apparel, Accessories & Luxury Goods","New York, New York",2/15/13,78239,
PWR,Quanta Services Inc.,Industrials,Construction & Engineering,"Houston, Texas",7/1/09,1050915,
PX,Praxair Inc.,Materials,Industrial Gases,"Danbury, Connecticut",7/1/92,884905,
PXD,Pioneer Natural Resources,Energy,Oil & Gas Exploration & Production,"Irving, Texas",9/24/08,1038357,
PYPL,PayPal,Information Technology,Data Processing & Outsourced Services,"San Jose, California",7/20/15,1633917,
QCOM,QUALCOMM Inc.,Information Technology,Semiconductors,"San Diego, California",,804328,1985
QRVO,Qorvo,Information Technology,Semiconductors,"Greensboro, North Carolina",6/11/15,1604778,
RCL,Royal Caribbean Cruises Ltd,Consumer Discretionary,"Hotels, Resorts & Cruise Lines","Miami, Florida",12/5/14,884887,
RE,Everest Re Group Ltd.,Financials,Reinsurance,"Hamilton, Bermuda",6/19/17,1095073,
REG,Regency Centers Corporation,Real Estate,Retail REITs,"Jacksonville, Florida",3/2/17,910606,
REGN,Regeneron,Health Care,Biotechnology,"Tarrytown, New York",5/1/13,872589,
RF,Regions Financial Corp.,Financials,Regional Banks,"Birmingham, Alabama",8/28/98,1281761,
RHI,Robert Half International,Industrials,Human Resource & Employment Services,"Menlo Park, California",12/5/00,315213,
RHT,Red Hat Inc.,Information Technology,Systems Software,"Raleigh, North Carolina",7/27/09,1087423,
RJF,Raymond James Financial Inc.,Financials,Investment Banking & Brokerage,"St. Petersburg, Florida",3/20/17,720005,
RL,Polo Ralph Lauren Corp.,Consumer Discretionary,"Apparel, Accessories & Luxury Goods","New York, New York",2/2/07,1037038,
RMD,ResMed,Health Care,Health Care Equipment,"San Diego, California",7/26/17,943819,
ROK,Rockwell Automation Inc.,Industrials,Electrical Components & Equipment,"Milwaukee, Wisconsin",,1024478,
ROP,Roper Technologies,Industrials,Industrial Conglomerates,"Sarasota, Florida",12/23/09,882835,
ROST,Ross Stores,Consumer Discretionary,Apparel Retail,"Pleasanton, California",12/21/09,745732,
RSG,Republic Services Inc,Industrials,Environmental & Facilities Services,"Phoenix, Arizona",12/5/08,1060391,
RTN,Raytheon Co.,Industrials,Aerospace & Defense,"Waltham, Massachusetts",,1047122,1922
SBAC,SBA Communications,Real Estate,Specialized REITs,"Boca Raton, Florida",9/1/17,1034054,
SBUX,Starbucks Corp.,Consumer Discretionary,Restaurants,"Seattle, Washington",,829224,1971
SCG,SCANA Corp,Utilities,Multi-Utilities,"Cayce, South Carolina",1/2/09,754737,
SCHW,Charles Schwab Corporation,Financials,Investment Banking & Brokerage,"San Francisco, California",6/2/97,316709,
SEE,Sealed Air,Materials,Paper Packaging,"Elmwood Park, New Jersey",,1012100,
SHW,Sherwin-Williams,Materials,Specialty Chemicals,"Cleveland, Ohio",6/30/64,89800,1866
SIVB,SVB Financial,Financials,Regional Banks,"Santa Clara, California",3/19/18,719739,
SJM,JM Smucker,Consumer Staples,Packaged Foods & Meats,"Orrville, Ohio",11/6/08,91419,
SLB,Schlumberger Ltd.,Energy,Oil & Gas Equipment & Services,"Curaçao, Kingdom of the Netherlands",3/31/65,87347,1926
SLG,SL Green Realty,Real Estate,Office REITs,"New York, New York",3/20/15,1040971,
SNA,Snap-On Inc.,Consumer Discretionary,Household Appliances,"Kenosha, Wisconsin",9/30/82,91440,
SNPS,Synopsys Inc.,Information Technology,Application Software,"Mountain View, California",3/16/17,883241,
SO,Southern Co.,Utilities,Electric Utilities,"Atlanta, Georgia",,92122,
SPG,Simon Property Group Inc,Real Estate,Retail REITs,"Indianapolis, Indiana",6/26/02,1063761,
SPGI,"S&P Global, Inc.",Financials,Financial Exchanges & Data,"New York, New York",,64040,
SRCL,Stericycle Inc,Industrials,Environmental & Facilities Services,"Lake Forest, Illinois",11/19/08,861878,
SRE,Sempra Energy,Utilities,Multi-Utilities,"San Diego, California",,1032208,
STI,SunTrust Banks,Financials,Regional Banks,"Atlanta, Georgia",5/31/88,750556,
STT,State Street Corp.,Financials,Asset Management & Custody Banks,"Boston, Massachusetts",,93751,
STX,Seagate Technology,Information Technology,"Technology Hardware, Storage & Peripherals","Dublin, Ireland",7/2/12,1137789,
STZ,Constellation Brands,Consumer Staples,Distillers & Vintners,"Victor, New York",7/5/05,16918,
SWK,Stanley Black & Decker,Consumer Discretionary,Household Appliances,"New Britain, Connecticut",9/30/82,93556,
SWKS,Skyworks Solutions,Information Technology,Semiconductors,"Woburn, Massachusetts",3/12/15,4127,
SYF,Synchrony Financial,Financials,Consumer Finance,"Stamford, Connecticut",11/18/15,1601712,
SYK,Stryker Corp.,Health Care,Health Care Equipment,"Kalamazoo, Michigan",12/12/00,310764,
SYMC,Symantec Corp.,Information Technology,Application Software,"Mountain View, California",3/25/03,849399,
SYY,Sysco Corp.,Consumer Staples,Food Distributors,"Houston, Texas",12/31/86,96021,
T,AT&T Inc.,Communication Services,Integrated Telecommunication Services,"Dallas, Texas",11/30/83,732717,1983
TAP,Molson Coors Brewing Company,Consumer Staples,Brewers,"Denver, Colorado",6/30/76,24545,
TDG,TransDigm Group,Industrials,Aerospace & Defense,"Cleveland, Ohio",6/3/16,1260221,
TEL,TE Connectivity Ltd.,Information Technology,Electronic Manufacturing Services,"Schaffhausen, Switzerland",10/17/11,1385157,
TGT,Target Corp.,Consumer Discretionary,General Merchandise Stores,"Minneapolis, Minnesota",12/31/76,27419,
TIF,Tiffany & Co.,Consumer Discretionary,"Apparel, Accessories & Luxury Goods","New York, New York",6/21/00,98246,
TJX,TJX Companies Inc.,Consumer Discretionary,Apparel Retail,"Framingham, Massachusetts",9/30/85,109198,
TMK,Torchmark Corp.,Financials,Life & Health Insurance,"McKinney, Texas",4/30/89,320335,
TMO,Thermo Fisher Scientific,Health Care,Health Care Equipment,"Waltham, Massachusetts",,97745,2006
TPR,"Tapestry, Inc.",Consumer Discretionary,"Apparel, Accessories & Luxury Goods","New York, New York",,1116132,2017
TRIP,TripAdvisor,Communication Services,Internet & Direct Marketing Retail,"Newton, Massachusetts",12/21/11,1526520,
TROW,T. Rowe Price Group,Financials,Asset Management & Custody Banks,"Baltimore, Maryland",,1113169,1937
TRV,The Travelers Companies Inc.,Financials,Property & Casualty Insurance,"New York, New York",8/21/02,86312,
TSCO,Tractor Supply Company,Consumer Discretionary,Specialty Stores,"Brentwood, Tennessee",1/24/14,916365,
TSN,Tyson Foods,Consumer Staples,Packaged Foods & Meats,"Springdale, Arkansas",,100493,
TSS,Total System Services,Information Technology,Internet Software & Services,"Columbus, Georgia",1/2/08,721683,
TTWO,Take-Two Interactive,Communication Services,Home Entertainment Software,"New York, New York",3/19/18,946581,
TWTR,"Twitter, Inc.",Communication Services,Internet Software & Services,"San Francisco, California",6/7/18,1418091,2006
TXN,Texas Instruments,Information Technology,Semiconductors,"Dallas, Texas",,97476,1930
TXT,Textron Inc.,Industrials,Aerospace & Defense,"Providence, Rhode Island",12/31/78,217346,
UA,Under Armour Class C,Consumer Discretionary,"Apparel, Accessories & Luxury Goods","Baltimore, Maryland",5/1/14,1336917,
UAA,Under Armour Class A,Consumer Discretionary,"Apparel, Accessories & Luxury Goods","Baltimore, Maryland",3/25/16,1336917,
UAL,United Continental Holdings,Industrials,Airlines,"Chicago, Illinois",9/3/15,100517,
UDR,UDR Inc,Real Estate,Residential REITs,"Highlands Ranch, Colorado",3/7/16,74208,
UHS,"Universal Health Services, Inc.",Health Care,Health Care Facilities,"King of Prussia, Pennsylvania",9/20/14,352915,
ULTA,Ulta Beauty,Consumer Discretionary,Specialty Stores,"Bolingbrook, Illinois",4/18/16,1403568,
UNH,United Health Group Inc.,Health Care,Managed Health Care,"Minnetonka, Minnesota",7/1/94,731766,
UNM,Unum Group,Financials,Life & Health Insurance,"Chattanooga, Tennessee",3/1/94,5513,
UNP,Union Pacific,Industrials,Railroads,"Omaha, Nebraska",,100885,
UPS,United Parcel Service,Industrials,Air Freight & Logistics,"Atlanta, Georgia",7/22/02,1090727,
URI,"United Rentals, Inc.",Industrials,Trading Companies & Distributors,"Stamford, Connecticut",9/20/14,1067701,
USB,U.S. Bancorp,Financials,Diversified Banks,"Minneapolis, Minnesota",,36104,1968
UTX,United Technologies,Industrials,Aerospace & Defense,"Hartford, Connecticut",,101829,
V,Visa Inc.,Information Technology,Internet Software & Services,"San Francisco, California",12/21/09,1403161,
VAR,Varian Medical Systems,Health Care,Health Care Equipment,"Palo Alto, California",2/12/07,203527,
VFC,V.F. Corp.,Consumer Discretionary,"Apparel, Accessories & Luxury Goods","Greensboro, North Carolina",6/30/79,103379,
VIAB,Viacom Inc.,Communication Services,Cable & Satellite,"New York, New York",,1339947,
VLO,Valero Energy,Energy,Oil & Gas Refining & Marketing,"San Antonio, Texas",,1035002,1980
VMC,Vulcan Materials,Materials,Construction Materials,"Birmingham, Alabama",6/30/99,1396009,
VNO,Vornado Realty Trust,Real Estate,Office REITs,"New York, New York",,899689,
VRSK,Verisk Analytics,Industrials,Research & Consulting Services,"Jersey City, New Jersey",10/8/15,1442145,
VRSN,Verisign Inc.,Information Technology,Internet Software & Services,"Dulles, Virginia",2/1/06,1014473,
VRTX,Vertex Pharmaceuticals Inc,Health Care,Biotechnology,"Cambridge, Massachusetts",9/23/13,875320,
VTR,Ventas Inc,Real Estate,Health Care REITs,"Chicago, Illinois",3/4/09,740260,
VZ,Verizon Communications,Communication Services,Integrated Telecommunication Services,"New York, New York",11/30/83,732712,
WAT,Waters Corporation,Health Care,Health Care Distributors,"Milford, Massachusetts",,1000697,1958
WBA,Walgreens Boots Alliance,Consumer Staples,Drug Retail,"Deerfield, Illinois",12/31/79,1618921,
WCG,WellCare Health Plans,Health Care,Managed Health Care,"Tampa, Florida",1985,1279363,
WDC,Western Digital,Information Technology,"Technology Hardware, Storage & Peripherals","Irvine, California",7/1/09,106040,
WEC,Wec Energy Group Inc,Utilities,Electric Utilities,"Milwaukee, Wisconsin",10/31/08,783325,
WELL,Welltower Inc.,Real Estate,Health Care REITs,"Toledo, Ohio",1/30/09,766704,
WFC,Wells Fargo,Financials,Diversified Banks,"San Francisco, California",6/30/76,72971,
WHR,Whirlpool Corp.,Consumer Discretionary,Household Appliances,"Benton Harbor, Michigan",,106640,1911
WLTW,Willis Towers Watson,Financials,Insurance Brokers,"London, United Kingdom",1/5/16,1140536,
WM,Waste Management Inc.,Industrials,Environmental & Facilities Services,"Houston, Texas",,823768,1968
WMB,Williams Cos.,Energy,Oil & Gas Storage & Transportation,"Tulsa, Oklahoma",3/31/75,107263,
WMT,Walmart,Consumer Staples,Hypermarkets & Super Centers,"Bentonville, Arkansas",8/31/82,104169,
WRK,WestRock,Materials,Paper Packaging,"Richmond, Virginia",,1636023,
WU,Western Union Co,Information Technology,Internet Software & Services,"Englewood, Colorado",,1365135,1851
WY,Weyerhaeuser,Real Estate,Specialized REITs,"Federal Way, Washington",,106535,
WYNN,Wynn Resorts Ltd,Consumer Discretionary,Casinos & Gaming,"Paradise, Nevada",11/14/08,1174922,
XEC,Cimarex Energy,Energy,Oil & Gas Exploration & Production,"Denver, Colorado",6/21/14,1168054,
XEL,Xcel Energy Inc,Utilities,Multi-Utilities,"Minneapolis, Minnesota",,72903,1909
XLNX,Xilinx,Information Technology,Semiconductors,"San Jose, California",11/8/99,743988,
XOM,Exxon Mobil Corp.,Energy,Integrated Oil & Gas,"Irving, Texas",,34088,1999
XRAY,Dentsply Sirona,Health Care,Health Care Supplies,"York, Pennsylvania",11/14/08,818479,
XRX,Xerox,Information Technology,"Technology Hardware, Storage & Peripherals","Norwalk, Connecticut",,108772,1906
XYL,Xylem Inc.,Industrials,Industrial Machinery,"White Plains, New York",11/1/11,1524472,
YUM,Yum! Brands Inc,Consumer Discretionary,Restaurants,"Louisville, Kentucky",10/6/97,1041061,
ZBH,Zimmer Biomet Holdings,Health Care,Health Care Equipment,"Warsaw, Indiana",8/7/01,1136869,
ZION,Zions Bancorp,Financials,Regional Banks,"Salt Lake City, Utah",6/22/01,109380,
ZTS,Zoetis,Health Care,Pharmaceuticals,"Florham Park, New Jersey",6/21/13,1555280,